company,method,position,post,salary,time
“前程无忧”51job.com（上海）,,上海,Python开发工程师,商议决定,07-27
上海每联每信息技术有限公司大连分...,"适合敏捷开发的开发模式,3年以上开发经验,精通Java或python开发,有网络相关项目经验优先,有测试经验优先,有CCNA/CCNP技能者优先,具备良好的逻辑思维能力和抽象思维能力,有Web项目相关经验和知识者优先",大连-沙河口区,Python高级开发工程师,1-1.5万/月,07-27
广州市派客朴食信息科技有限责任公...,"岗位职责：,1.参与系统后端的需求讨论分析，制定相应的技术方案；,2.具备一定的运维能力，保证服务器稳定运行；,3.根据实际需要进行新技术预研并解决各类技术问题。,任职要求：,1.全日制大专及以上学历，通信或计算机相关专业；,2.2年以上Python 项目开发经验；,3.扎实的python基础，优秀的pythonic思想，熟悉Flask、Tornado等web开发框架；,4.熟悉同步、异步等网络编程模型，多线程, 协程等并发模型；,5.有较强的业务理解能力，深刻理解Restful API设计风格；,6.熟悉MySQL、Postgresql、Redis，熟悉数据库索引；,7.有独立分析和解决问题的能力，有良好的团队合作精神；,8.主导开发python项目优先 。,9.熟悉python大数据分析相关库numpy等和算法项目优先。",广州-海珠区,Python开发工程师,1-1.5万/月,07-27
南京宝正见企业管理有限公司,"1、分析业务需求，准确的将业务需求转化为技术需求；,2、设计技术方案和系统架构，重构已有不完善的系统；,3、编写系统核心代码，解决开发中的疑难问题；,4、将来承担重要系统模块的维护工作，保证系统服务的稳定可靠；,5、能为团队引入创新的技术、创新的解决方案，用创新的思路解决问题。,任职要求：,1、1年及以上Python服务端开发经验，有相关工作经验；,2、熟练运用Flask/Django/tornado等框架，实际开发过项目的优先；,3、熟悉常用的存储技术，如MySQL、Redis、Postgresql等，能根据业务需求设计性能良好、扩展性高、稳定可靠的数据存储结构；,4、熟悉Linux、docker服务部署及优化，理解负载均衡和网络调优优先。",南京,Python开发工程师,0.8-1.5万/月,07-27
苏州金普软件科技有限公司,"1、根据产品具体要求，承担开发任务，按计划完成任务目标,2、主要从事Python项目开发、功能及性能测试,3、完成上级领导安排的其他工作任务,岗位要求：,1、有项目开发经验，良好的编程习惯，精通数据结构和面向对象程序设计，编写高效，整洁的代码,2、性格开朗，阳光。做事严谨认真，愿意从事技术类工作,3、深入掌握VB,VS,ASP .NET C#开发语言， 对于软件前端和后端开发有良好的基础,4、熟悉熟悉.net 或者 java技术，熟悉webapi webservice ；,5、了解金蝶K/3表结构，熟悉SQL Server主流数据库的设计优先考虑等;,6、愿意刻苦钻研专业技术，良好的沟通能力，逻辑思维能力，具有较好的团队合作精神、主动性与责任心",苏州-工业园区,Python开发工程师,0.6-1万/月,07-27
杭州剑齿虎信息技术有限公司,"岗位职责：,1、负责公司订单管理系统或者大数据平台的接口的功能开发和代码维护，能独立完成子系统和功能模块开发，编写完整的接口文档；,2、根据需求制定技术方案，项目计划以及开发,学习研究，并将之应用到工作当中,3、根据产品需求，进行系统设计和编码, 持续对系统架构进行改造和优化, ,任职资格：,1. 3年及以上Python开发经验；,2. 熟悉Python编程语言，熟悉flask django tornado其中至少一种Web开发框,3. 熟练使用Mysql，Redis、PostgreSQL等,4. 精通异步网络编程，多线程编程，HTTP协议，异步框架Async,集群与负载均衡,消息中间件等技术,5. 熟悉网页抓取原理及技术，能够总结分析不同网站，网页的结构特点及规律；,6. 熟悉常用Web服务器软件如Apache Nginx等；,7. 熟练使用Linux操作系统，具有基础服务维护能力,8.熟悉Hadoop生态圈，对HBase、Hive、Spark、Kafka等主流分布式开发套件有一定认识；,9.能熟练应用numpy，pandas，scikit-learn，keras等建模库；,10. 有良好的逻辑思维能力和团队沟通能力，强大的自我驱动力和自学能力，能够承受工作压力，有强烈的责任心,11.理解并能应用RESTFul规范,具备较强的编程能力和良好的编码风格、结构清晰，命名规范，逻辑性强，代码冗余率低,上班地址：上海市莲花南路2689号",上海-闵行区,Python开发工程师,1-1.8万/月,07-27
湖北宽云网络科技有限公司,"1、根据业务需求，对数据进行提取、整合、分析，为业务部门进行设备性能分析和故障诊断提供数据分析支持,2、匹配合适算法，选择对应的模型，建立数据分析模型，实现设备的控制策略；,任职要求：,1、熟练掌握Python语言，有数据工程领域开发经验，拥有数据分析建模理论、熟悉数据分析建模过程；,2、能快速理解业务，发掘业务细节和数据之间的联系；,3、熟悉NumPy、SciPy和Pandas等数据分析工具的使用；,4、熟悉数据可视化工具；,5、有丰富的数据分析，数据挖掘项目经验；,6、本科以上学历。",襄阳,python数据分析工程师,0.6-1万/月,07-27
北京四海盈科信息技术有限公司,"岗位职责：,1、参与爬虫和数据采集系统的设计和开发,2、负责反爬虫策略研究、技术调研,3、对爬取内容进行数据清洗、去重,4、负责相关开发文档的编写,任职要求：,1、3年以上工作经验，本科以上,2、精通python语言, 有扎实的编码能力,良好的编码习惯和学习能力,3、精通SQL编写，熟练使用至少一种数据库（MySQL/Redis/Elasticsearch),4、熟练掌握python，掌握numpy、pandas、selenium、scrapy等包的用法,5、熟悉python其他扩展模块,6、有解决复杂的反爬限制实践经验,7、加分项：机器学习/深度学习模型开发经验",北京-海淀区,Python开发工程师,1-1.5万/月,07-27
深析智能科技有限公司,"岗位职责：,1、开展数据分析、机器学习算法的研发与应用；,2、参与公司相关软件产品的研发；,3、参与软件产品相关文档的撰写。  ,岗位要求：,1、计算机科学与技术等相关专业本科及以上学历；,2、2年以上Python程序开发经验；   ,3、有较强的算法分析和实现能力；,4、善于分析和解决问题，学习能力强，良好的团队合作精神。,优先考虑：,1、精通机器学习及数据处理工具（pandas、numpy、sklearn等）；,2、熟悉Linux环境下编程，了解docker、git等工具。",天津-西青区,Python算法工程师,1.2-2万/月,07-27
罗斯德尔汽车工程技术（北京）有限...,岗位要求：,上海-闵行区,Python开发工程师,0.8-1.2万/月,07-27
长沙蜜獾信息科技有限公司,"1. 根据产品需要，承担相关模块开发任务和持续优化;,2. 负责协助产品的持续性版本迭代 ；,3. 指导初级开发工程师，并负责相关模块的文档编写工作；,4.对产品的性能进行调优改进。,任职资格:,1. 计算机相关专业，本科及以上学历，三年以上互联网产品研发经验；,2. 基础功扎实，掌握 python和常见开发框架,熟悉Django框架的后端API开发，熟悉PostgreSQL等常见关系型数据库，了解NO-SQL数据库；,3. 对高并发条件下服务器和代码优化方法有相关实战经验；,4. 具备分布式系统设计开发经验、服务器运维及水平扩展方面实战经验，能对分布式常用技术进行合理应用，解决问题；,5. 熟悉云计算及大数据的整体技术体系（包含计算、存储、网络、数据库、中间件、安全等）；,6. 对缓存、消息队列、集群技术处理、负载均衡、系统性能调优、系统韧性等软件编程高级技术有一定的了解；,7. 有很强的学习能力、压力承担能力及团队合作能力，有主动性和上进心；,8. 优秀的分析问题和解决问题的能力，对解决具有挑战性的问题充满激情。",长沙-岳麓区,Python中级（SG0302）,0.8-1.3万/月,07-27
上海众言网络科技有限公司,"岗位职责：,1、在标准产品上定制开发,2、对既有项目维护，包括问题调查并解决、架构&流程优化、新需求开发等,3、负责服务端开发,4、分析流程、思考总结，提出合理产品化建议,任职要求：,1、大学本科毕业，3年以上web后端开发经验,2、掌握至少一门编程语言，如 Python、Ruby、Java、PHP 等，python优先,3、熟悉常用 web 开发相关技术，如 web 框架、HTTP 协议、web 安全等,4、熟悉MongoDB，会性能调优优先,5、熟悉Redis、Nginx使用,6、熟悉Docker或K8S部署应用及调试者优先,7、良好的沟通能力，有团队合作精神和责任感,8、具备业务分析能力、团队协作能力、专业技术能力、逻辑思考能力、沟通表达能力、自主学习能力",上海-徐汇区,Python高级开发工程师,1.5-3万/月,07-27
长沙融自节能科技有限公司,"1、参与系统架构设计、后台功能的设计、开发及维护,2、理解需求，按照需求设计文档编写设计文档,3、参与核心系统的开发实现业务核心模块,4、保证开发的功能模块通过测试，平稳上线，保证系统的正常运营,5参与公司数据自动化分析平台的开发和维护。,6.参与公司大数据采集、数据可视化呈现的工作。,7.参与公司数据交付平台的维护及二次开发工作。,8.参与公司其他IT方面的建设工作。,9.熟悉PHP和Java和算法者优先,任职资格（Python方向）：,1.熟练掌握Python语言，编程基础扎实，熟悉常见数据结构，熟悉twisted框架优先。,2.熟悉MySQL，具有良好的SQL编程习惯，能写出高效的SQL语句；熟悉熟悉Redis或MongoDB等非关系型数据库；。,3.熟悉Pandas，Nump，Arima等数据分析库优先。,4.熟悉Flask或Django等Web框架，有分布式系统设计及开发经验优先。,5.思路清晰，学习能力强，踏实肯干，具有较好的团队合作精神。,6.计算机或相关专业本科及以上学历，亦欢迎优秀应届毕业生投递简历。,我们能提供的：,1.以结果为导向的薪酬福利体系；具有竞争力的基本工资，丰厚的绩效奖金（绩效奖金上不封顶，优秀员工可以拿到6个月以上的绩效奖金）,2.优秀人才有机会参与员工持股计划分享公司分红,3. 5-12天带薪年假，远超国家规定和一般企业5天的标准",长沙-雨花区,Python开发工程师,1-1.5万/月,07-27
广州多益网络股份有限公司,,广州-黄埔区,Python爬虫研发工程师,1.1-2万/月,07-27
上海力信测量系统有限公司,"岗位职责：,1、负责公司新产品的软件开发；,2、根据原型设计指导性文件进行开发定制；,3、完成上级交付的工作任务；,任职要求：,1、计算机相关专业，本科或以上学历，勤奋好学，1~2年以上工作经验或应届生均可；,2、具备一定的编程语言和数学基础，掌握至少一种系统级开发语言，例如Python，C/C++；,3、熟悉MySQL、SQL Server、Oracle等数据库编程；,4、熟悉TCP/UDP以太网、串口、CAN等通信基础知识；,5、性格积极乐观，具有团队精神，良好的沟通及文字表达能力。",长沙-长沙县,Python开发工程师（长沙）,0.8-1万/月,07-27
上海达内为上软件科技有限公司,"岗位职责：,1、按照童程讲师细则规范，负责讲授课程,2、负责整理学员学习报课，定期做家长回访,3、负责及时批改学员作业，解答学生问题,4、负责组织学生测评,5、配合班主任和其他相关人员工作,任职要求：,1、本科及以上学历，计算机专业优先,2、熟悉Java语言、JS语言、PHP语言、C+ +语言之中的一门语言,3、外貌端正,有亲和力，普通话及英语发音基本标准,表达清晰有条理。,4、热爱教育事业,有责任心,愿意从事青少年教育工作。,上班时间： 9:00-18:00 双休,薪资待遇：,1、入职有系统专业培训（免费），经考核合格即可正式授课，并享受进北京培训进修机会,2、无责底薪3-4K+课时费+加班补助+餐补  五险一金 综合薪资8k-1w,3、节假日、生日福利等优厚福利待遇,4、集团金股奖励5-20w,工作位置：,1.山大路数码港B座105室 洪家楼附近,2.杆石桥 银座晶都国际广场2号楼3号楼中间111室底商 经四路万达附近,3.姚家街道 二环东路和瑞广场B座6楼 甸柳庄附近,4.高新区万达写字楼万达中心写字楼一号楼711室,5.市中区英雄山星工坊2楼 英雄山校区,6.槐荫区 连城广场2楼（6家校区可以就近安排）",济南,Java python c++ 编程讲师 五险一金双休,0.8-1万/月,07-27
合肥竹阁知鼎信息技术有限公司,"岗位职责：,1、负责核心技术问题的攻关、架构设计、系统优化，协助解决项目开发过程中的技术难题;,2、高性能服务器端程序的设计、开发和测试;,3、负责现有业务的微服务化，并在不断的学习当中能够形成自己的架构方法论;,4、具有Golang/Python/ 开发后台相关项目经验。 ,职位要求：                                                                                                            ,1、本科及以上学历，计算机相关专业，基础知识扎实；                                               ,2、聪明，学习能力强，有独立解决问题的能力；                                                        ,3、三年以上的系统软件架构经验，精通Python语言，有完整软件项目开发、迭代和实施经验；,4、熟悉tornado/Django/flask框架，有大型项目经验与性能优化相关经验                          ,5、精通数据库,6、熟悉kafka/rabitmq等消息队列fuwu服务mysql/mongo/redis/elasticsearch/等，对数据库原理，sql优化等有深入理解    ,7、对数据处理/分析，pandas，spark/MR等有一定的了解,8、良好的编程习惯，追求极致的代码品质，熟悉常用设计模式和一般项目的开发流程；,9、开朗上进，积极沟通，善于团队协作。",合肥-高新区,Python工程师（初/中/高）,商议决定,07-27
武汉海星通技术股份有限公司,"岗位职责：,1、参与医疗类应用业务的后端需求分析，产品设计，功能开发；,2、协助构建能够满足产品需求的平台，系统及网络基础结构。,岗位要求：,1、本科学历，计算机相关专业；,2、实习时间不得低于3个月；,3、有数据库建模经验，有MySQL、PostgresSql、Redis使用经验者优先；,4、有Flask使用经验者优先；,5、具有良好的团队合作精神，有高度的责任心，能在开发过程中把控代码质量。",武汉-江汉区,python开发实习生,3-5千/月,07-27
深圳市广联智通科技有限公司,"任职要求：,1、参与软件系统的需求调研、分析及设计工作；,2、参与系统核心模块的程序编码工作；,3、负责云平台后台工作开发,功能模块的系统分析、模块设计、编码及测试工作；,4、根据业务需求，能独立设计开发相应的业务模块，并与他人合作或者可以独立完成云平台功能开发。,任职资格:,1、统招本科及以上学历，计算机相关专业；,2、注重团队合作，很强的责任心，工作积极主动的，表达能力较强、学习能力强、能独立思考的；,3、热爱编程，熟悉java、python、golang至少一种开发语言，使用linux的shell能完成日常简单维护工作；,4、对多线程编程、常用数据结构、算法了解，熟悉常用的设计模式及使用场景；,5、有过influxdb、redis、kafka、mysql、kibana开发经验的尤佳。",深圳,云平台开发工程师（Java、Python、Golang）,0.8-1.5万/月,07-27
江苏苏源高科技有限公司,"任职资格：,1、计算机或相关专业本科或以上学历，具有一定的英文文档阅读能力，2年以上工作经验。,2、熟练使用Python语言，精通Django、REST framework等框架,3、 精通关系型数据库，熟练运用SQL语句，并同时熟悉Redis数据库,4、 熟悉B\S程序开发过程及运行机制，熟悉TCP、http协议，及相应的开发调试工具,熟悉异步框架、集群、负载均衡，消息中间件，容灾备份等技术,5、具备需求分析和功能设计的能力，对于设计模式或者OOP编程原则有一定的理解,6、有大数据分析类项目开发经验者优先考虑；有视频分析相关开发经验者优先考虑,岗位职责：,1、能够根据项目的实际需要，进行开发工作；  ,2、能够保证自己代码的质量，发现和解决系统开发中存在的技术问题；  ,3、配合团队产品等其他人员解决系统运行中的问题，持续优化系统。, , ",南京-鼓楼区,Python开发工程师,1-1.5万/月,07-27
上海宽带技术及应用工程研究中心,"职位描述,1.根据产品或项目的要求，参与业务集成、系统设计；,2.对接算法工程师，将算法工程师提交的算法进行工程化与后端进行对接；,3.完成编程、调试和单元测试工作；,4.负责相关开发文档的编写；,职位要求,1.本科以上学历，计算机相关专业毕业；2 个以上完整项目经验；,2.有1年以上Python 开发经验，能独立解决开发过程中遇到的各种问题；,3.良好的编码风格和编程习惯，对高质量的代码有执着的追求;熟练掌握SVN，,Git 等代码版本管理工具的使用;,4. 良好的团队精神和沟通能力，高度的事业心和责任感，工作认真负责，具有,良好的职业操守。,加分项,1.了解HTTP 协议, 有Web 应用程序开发经验;,2.熟悉TCP/IP 协议, 有网络服务编程经验者优先;,3.有丰富数据库使用经验者优先;,4.有JAVA 开发经验者优先；,5.有爬虫使用经验者优先；",上海-静安区,Python开发工程师,1-1.5万/月,07-27
深圳市先行设备科技有限公司,3、熟悉Linux；精通Pyhon;  熟悉C/C++/C# 语言编程优先；,深圳-龙岗区,Python开发工程师,1-1.5万/月,07-27
国和瑞斯（北京）科技有限公司,"人员要求：,1. 有编程基础，了解python语言；,2. 了解debian、ubuntu等linux系统基本操作；,3. 有一定英文阅读能力；,4. 自学能力强，对NoSql开源数据库有兴趣了解和学习；,5. 有意向大数据技术方面发展；",北京-海淀区,python工程师,1-1.5万/月,07-27
北京安科兴业科技股份有限公司,"1.应用地质统计建模，地震信号处理，算法研究、建立数据模型开发软件,2.研发创新方法以及常规算法不能解决的问题，积累核心技术和理论研究，形成专利和文献。,【岗位要求】,1.地球物理、资源勘探、物探、应用数学等相关专业，本科及以上专业。,2.具有地震信号处理分析及地质建模等软件研发项目、生产项目或算法研发经验。,3.具有良好的编程经验，熟练掌握PHP编程或python编程、Qt界面编程经验者优先。,4.熟练掌握地震勘探、地质解释及信号处理等学科知识，对叠前及叠后地震数据的正反演模型有深入理解，并能够应用于实际项目。",济南-市中区,地震算法工程师（python/PHP）,5-8千/月,07-27
苏州智铸通信科技股份有限公司,"主要岗位职责：,1  根据公司产品或用户产品功能需求参与制定技术方案，项目计划；,2  根据用户需求分析业务领域相关问题，能提出实施方案及建议；,3  负责对研发项目制定单元测试、压力测试方案及编码；,4  配合运维人员进行数据库性能优化及相关问题的分析解决；,任职要求：,1  3年以上相关工作经验，至少3年以上Python编程经验，使用Python开发过大型系统经验者优先；,2  精通Python语言，熟悉Python开发编码规范，有代码洁癖；熟悉Python多进程应用开发及异步编程,3  熟练使用mongodb，熟悉熟悉索引工作原理,4  熟悉TCP/IP网络协议,熟悉Linux操作系统,熟悉redis等；,5  熟悉至少一种消息队列系统,了解 kafka;,6  熟悉团队协作开发，熟练使用git、svn等版本控制工具，熟悉redmin, gerrit; 熟悉 vagrant,docker，按照项目运行环境要求搭建环境；,7  对新技术有强烈的探索欲望，责任心强，良好的沟通能力，能够承受工作压力，有强烈的责任心；",天津-西青区,Python开发工程师,5-7千/月,07-27
广州方跑网络有限公司,"岗位职责：,1、分布式高并发后台系统开发，参与IM系统开发设计。,2、自动化测试，自动运维相关开发,3、搭建公司云服务,任职要求：,1、性格稳重，工作态度认真，有团队合作精神，能承受一定的工作压力。,2、具有1-3年或以上的go/c++/python开发经验。,3、熟练基本网站架构，熟练掌握web后台编程技术，熟悉http和https协议。,4、熟悉linux shell以及运维相关知识。,5,、熟练使用常用关系数据库mysql，熟悉使用nosql存储，如redis。,6、学习能力强、逻辑分析能力强、善于沟通。",广州-番禺区,服务器（Python）开发工程师,2-3万/月,07-27
善诚科技发展（上海）有限公司无锡...,"工作职责:,负责AI项目的开发以及其他应用系统的设计和开发,任职资格:,1.统招本科及以上学历，计算机相关专业；,2.具备2年以上python项目开发经验，熟练Python语言；,3.熟悉Python的Web开发技术，熟悉Tornado、Django、Flask框架，有扎实的编程功底；,4.熟悉mysql，redis，etcd等常用数据库；,5.熟悉C#,6.具备良好的代码编程习惯及团队合作意识",无锡-无锡新区,python开发工程师(J10123),0.6-1万/月,07-27
汉谷云智（武汉）科技有限公司,"1.负责公司产品的全周期开发管理，根据项目开发任务制定成员工作计划，并指导和监督成员，保证工作完成进度和质量；,2.负责公司软件组成员能力建设和软件组管理工作，提高整个专业组技术水平；,3.理解公司的业务特点，优化和调整当前软件架构，能够把握和控制需求方向，具有一定的系统架构、框架设计能力，满足公司未来业务发展需求；,4.深入理解客户需求，负责软件需求导入、需求挖掘和需求转化；,5.参与软件设计开发（python），负责核心代码编写，软件规范化管理、代码审核，软件开发相关文档的管理维护；,1.精通django/tornado/Flask等python框架，熟悉Web及前端html,css,js,LayUI,Bootstrap等技术；,2.熟悉C/S和B/S结构的信息系统开发；,3.较强的数据库设计与开发能力，至少掌握mysql、sql server、oracle数据库中的一种，了解OPC数据采集，数据可视化展示等技术；,4.计算机相关专业，5年以上项目开发经验；,5.具备软件框架设计能力，软件系统规划能力和软件需求理解能力；,6.较强的业务理解能力、沟通能力和技术文档撰写能力；,7.团队意识强，具有强烈的工作责任心。",武汉-洪山区,软件开发主管（python）,0.7-1.5万/月,07-27
广州国交润万交通信息有限公司,"任职要求：,1、参与项目需求分析，业务逻辑流程与设计，文档编写；,2、能独立解决实际开发过程碰到的各类问题;,4、负责数据分析云平台和数据存储系统的搭建,5  搭建系统开发环境，完成系统框架和核心代码的实现，负责解决开发过程中的技术问题,岗位要求：,1、掌握常见的Python框架，熟悉Flask、Django，熟悉rmq，redis等缓存技术,2、熟悉Socket编程、HTTP、TCP协议等，有网络开发经验；,3、熟悉Linux系统以及相关的操作;,4、抗压能力强，工作踏实勤恳，有较强的团队合作精神,5. 熟悉大数据量、高并发、高性能系统优化者优先,6 具备Web前端的开发能力优先",广州,Python开发工程师,1-1.5万/月,07-27
西安吉祥果信息科技有限公司,"岗位描述：,1. 根据功能需求和设计方案进行开发，完成代码的编写和调试工作。,2. 参与业务的需求讨论, 制订技术解决方案。,3. 负责服务器端系统架构、性能、安全、扩展等优化的设计和实现,4. 负责服务器端的持续迭代优化工作, ,1.专科以上学历，有一年项目经验优先。,2. 掌握一种或多种脚本语言（Javascript、Python、PHP等），熟悉 Django、Tornado 等框架者优先。,3. 熟练使用MySQL、NoSQL存储系统, 熟练使用Redis优先。,4. 具有良好的团队合作意识, 良好的沟通表达能力，踏实肯干，认真负责。,5. 熟悉 Unix/Linux 环境，使用云服务(阿里云、腾讯云)开发和部署者优先。,6. 熟悉 GIT / SVN 版本控制系统者优先。,7. 熟悉设计模式，熟悉常用的数据结构和算法, 掌握面向对象开发思想。,工作待遇：,1、补贴福利:无责任底薪+绩效奖金，年底计发双薪，整年计发十三薪。,2、薪酬福利：为员工提供富有竞争力的薪酬体系并每年对员工进行年度薪酬调整。,3、社会保险：公司为员工统一购买医疗保险、工伤保险、养老保险、生育保险、失业保险、医疗保险及住房公积金。,4、晋升机制：公司设立良好的晋升机制并提供内部招聘、职位轮换机会。,5、成长与职业发展：人力资源部为所有岗位建立了成长模式和职业发展通道，并以顾问形式为员工提供成长建议。,6、节日贺礼：公司在传统佳节派发节日礼品以增添节日气氛。,7、生日派对：员工过生日公司生日派对及贺卡以表祝福。,8、公司给予员工生活关怀，公司设有茶水间，休息阳台和员工休息室，提供零食柜，咖啡吧台、微波炉，冰箱等。,8. 有很强的分析问题和解决问题的实践动手能力。",成都-武侯区,Python游戏研发实习,3-4.5千/月,07-27
深圳市宇达计算机有限公司,"基本要求：,1，做事认真、细心，愿意沟通；有团队精神，能与同事和谐相处，能快速适应环境；,2，全日制大专或以上学历。有网页编辑或设计经验；,3，编辑公司网站国际版，需要有英语基础；,英文内容有专人编辑，但网站设计至少要看得懂,4，男女不限。,工作职责：,1，与公司运营推广、美工团队一起，设计和编辑网站，团队协作将项目落地；,2，积极学习，努力成长为网站负责人；,3，公司会积极培养新人。,公司福利：,1、工作时间：5天7.5小时制；五险一金；,2、法定节假日，带薪假期；,3、每周三、周五下午茶福利；,4、法定节假日有对应节假日福利；,5、年终奖丰厚，转正员工至少1个月工资。",深圳-南山区,Python开发工程师/前端/爬虫,4.5-6千/月,07-27
南京新奕天科技有限公司,"1、 明确需求类型、需求量、优先级及交付标准等内容，协调资源和相关人力，保质保量完成产品任务；,2、 与软件开发团队紧密合作，制定标注规范，推动模型实验，开发新的数据标注功能和数据管理功能；,3、 准确理解数据任务的指导说明书和验收标准，并能有效地开展培训和辅导；,4、 根据标注规范对图像视频类数据进行标注、验收，对数据质量负责；,5、 规划项目排期及及时反馈项目进度，及时预告项目风险；,6、 管理团队成员的日常任务安排；,任职资格：,1、学历要求：,-- 统招本科及以上学历；,2、能力要求：,-- 了解AI行业数据业务，掌握AI数据行业管理技巧。有AI数据采集、标注项目管理经验,-- 熟悉python，有相关数据抓取工作经验者优先；,-- 能快速理解规范，具备计算机基础操作能力，熟练使用office软件；,3、素质要求：,-- 工作踏实，态度积极，能够承受工作压力，能看到工作中影响效率的部分并提出解决或改进思路；,-- 做事认真、细致、有耐心，理解能力优秀，执行力强，服从安排；,-- 责任心强，正直诚实，值得信赖。",南京-鼓楼区,python工程师（数据标注主管）,6-8千/月,07-27
武汉小安科技有限公司,"【岗位职责】, 1. 负责服务端的开发和维护，能够独立承担前台应用的开发和迭代，满足业务需求和流量增长需求；, 2. 参与或独立承担系统的设计和开发，并根据排期要求保证系统如期上线；, 3. 能够理解业务背景，根据系统的规模或瓶颈提出优化建议，并推动拿到落地结果。,    ,【岗位要求】, 1. 本科及以上学历，3年及以上互联网/IOT行业后端开发经验；, 2. 熟练MySQL语句优化及数据库优化，了解常用RDS/KV/非RDS数据库的使用；, 3. 语言不限，有node.js高性能服务开发经验者优先；, 4. 有IOT组网开发经验者优先；, 5. 有阿里云生态开发经验者优先。",武汉-洪山区,Python高级开发工程师,1-1.5万/月,07-27
沈阳韩邦软件开发有限公司,"岗位职责：,1. 使用django进行web service开发；,2. 参与接口的设计和开发，后台数据结构的设计；,3. 不定期进行代码重构，性能调优，接口优化；,4. 通过测试驱动保证代码质量。,任职要求：,1. 计算机、通信、电子、数学、物联网等相关专业，本科以上学历；,2. 精通Python开发，3年以上Python后台开发经验；,3. 了解restful接口规范，能够设计出满足rest风格的接口；,4. 有良好的数据结构及算法基础功底，熟悉常用设计模式；,5.有良好的软件工程知识和质量意识，具备较强的系统设计能力和代码开发能力；,6. 至少熟悉一种常见的主流数据库及SQL语言；,7. 熟悉Linux系统及其开发环境，熟悉Linux基本命令。",沈阳,Python开发工程师,1-1.5万/月,07-27
成都启锋科技有限公司,"    岗位职责：,      1、主要负责Web开发和维护，会涉及到小部分爬虫和脚本的开发，以及部分数据的清洗分析,      2、负责协同开发人员完成项目开发，效率准确的完成协作；,      3、关注性能，提交报告，提升用户体验。,      岗位要求：,      1、大专及以上学历，计算机相关专业优先；,      2、能够熟练使用python，java等任意编程语言；,      3、对Django和Flask框架有基础的优先考虑；,      4、此岗位为初级岗，接受优秀应届毕业生或实习生。  ",东莞-南城区,Python开发,0.6-1.1万/月,07-27
上海岙舟信息科技有限公司,"4、具有较强的责任心和良好的沟通能力。,岗位要求：,1、3年以上Python使用经验；,2、熟练使用Flask/Django框架等；,3、有相关部署项目的经验；,4、熟悉Linux（Bash等），例如CentOS/Ubuntu；,5、熟悉Redis，MQ，MangoDB等数据库和中间件。,三、我们使用的工具,Language: Python 3.7,DB: MySQL,Version control: Git, Gitflow,Repositories: GitLab,CI/CD:  Jenkins & Docker",上海-浦东新区,Python开发工程师,1-1.5万/月,07-27
陕西厚溥教育科技有限公司,"1、计算机相关专业本科以上学历；3年以上Python开发经验;,2、精通Python开发，熟练Flask，Django, Sanic, Sqlalchemy，Celery等主流框架, 深入理解框架实现原理及特性, 熟练使用python的常用库, 熟悉网络爬虫,3、熟悉Internet常用协议，如HTTP、TCP/IP、熟悉MySQL、Redis等，具备数据库应用、设计能力,4、具备良好的服务意识、责任心、较强的学习能力、优秀的团队沟通与协作能力、能承受一定的工作压力；,1、负责Python开发工程师人才方案实施，优化人才方案贴合企业需求；,2、按照实施方案完成教学任务，确保学员培养质量达到企业要求；,3、制定学员学习方案，提升学生学习兴趣及学习能力；,4、与项目督导协同工作提升学员学习体验，使学员达到高质量学习标准；,                                        5、负责教学产品营销工作。",西安-雁塔区,Python技术讲师,6-8千/月,07-27
邯郸市辰星网络科技有限公司,,石家庄,python开发工程师（双休+奖金）,4.5-8千/月,07-27
广东百捷教育投资有限公司,"1、遵守合作学校教学行为规范制度，执行合作学校的教学、教务的工作流程制度。,2、按照岗位标准化和岗位流程图，实施岗位教学工作。,3、负责协助完成本专业人才培养方案的制定和编写。,4、负责采集和提交岗位教学数据。,5、领导交代的其他工作事项。,1.计算机相关专业本科及以上学历；,2.2年以上Python开发经验（或授课经验），优秀者可适当放宽；,3.精通Python全栈开发,精通Django等Web框架;,4.有Python网络爬虫相关开发经验优先;,5.有授课经验优先。",广州-天河区,Python教员,0.8-1万/月,07-27
西安隶铭思拓知识产权代理服务有限...,根据公司需求做系统，需实现数据可视化。,西安-高新技术...,Python开发工程师,4.5-6千/月,07-27
丽台（上海）信息科技有限公司,"1、负责公司软件产品的设计、选型、框架搭建、开发、部署、维护等工作；,2、负责与人工智能系统工程相关的需求的实现；,3、负责开发文档的编写，代码质量管理；,4、通过不断的技术研究和创新，推动公司业务的快速发展和高效迭代。, ,岗位要求：,1、计算机相关专业，大学本科及以上学历。有2年及以上开发工作经验优先，亦欢迎优秀应届毕业生；,2、精通Python语言和 Flask/Django等Web开发框架，能进行独立开发。具有良好的编程习惯和代码风格，能够撰写相关技术文档；,3、有前端（HTML、CSS、JavaScript等）开发经验，熟悉bootstrap、VUE等前端框架；,4、能熟练使用版本工具，如Git；,5、精通MySQL等常用数据库；,6、有大数据及人智能工作经验，了解Tensorflow、PyTorch等机器学习（深度学习）框架及Numpy、Pandas等科学计算及数据分析库；,7、善于解决和分析问题，富有想象力和学习能力，良好的团队合作精神；,8、编码和团队协作能力强，能够独立支撑一个研究方向，勇于挑战和创新，工作主动性强。, ,工作时间：做五休二 早8:00-晚5:00（考虑到上海交通压力较大，每天有2小时弹性工作时间）,工作地点：上海市闵行区莲花路1978号E栋（9号线漕河泾开发区站）,公司爱惜人才，公司氛围佳，福利好，人性化管理，速投简历吧！",上海-徐汇区,Python工程师,1-2万/月,07-27
四维创智（北京）科技发展有限公司...,"技能要求:,1. 熟练使用Python,2. 熟悉渗透流程，了解owasp top 10等各种漏洞,3. 编写过渗透工具/渗透框架/poc/exp,加分项：,1. 阅读过各种开源渗透框架/渗透工具源码，w3af/msf/sqlmap/nmap等,2. 了解nodejs，使用puppeteer写过无界面爬虫,3. 了解各种反爬措施，并有应对方案,4. 给开源项目提交过代码,工作职责：,1. 更新维护现有的各个渗透工具以及渗透框架,2. 根据需求开发新的安全工具",北京-海淀区,Python安全研发工程师,1.5-2.5万/月,07-27
东莞市童程童美信息科技有限公司,"岗位职责：,1、根据教案进行备课，高质量的完成授课。,2、善于调动气氛，控场能力强，保证课堂授课顺利进行。,3、有较强的技术能力，能进行课程研发，开发满足课程需要的教案。,4、熟练软件编程理论和实践工具，精通JavaScript，HTML5，CSS，熟悉网页架构和布局，熟悉ajax，xml，json。,5、熟悉java基础知识，Android、C/C++等。,任职资格：,1、本科及以上学历；计算机专业优先；,2、表达能力好，亲和力强；有耐心、责任心。,加入达內，您的福利待遇：,该职位全职工作属于公司正式员工编制，一经录用将享有,1、保障薪奖: 入职报到享受优质的奖励机制 高底薪+丰厚提成,2、晋升管道畅通；,3、签订正式劳动合同，完整合规的社会保险和住房公积金以及餐补；,4、每季度员工聚会+员工生日会+节日礼物；,5、每年享受国家规定的带薪年假、法定节假日等福利；,6、丰富的企业文化活动，打造快乐活力的工作氛围,培训体系：,1、新人阶段：一对一带教+专业技能培训+丰富产品知识培训；,2、成长阶段：每周专业的课程培训+职业素养培训。,【童程童美】是美国纳斯达克上市公司达内教育集团（NASDAQ：TEDU）旗下的少儿教育品牌，凝聚15年编程教学经验，打造中国青少儿编程专业化先锋品牌。作为“研、教、营”一体的全国化运营品牌，目前学习中心已经遍及北京、上海、广州、天津、武汉等30多个城市，流动课堂走进了全国120多所中小学公立校，受到学校和家长的高度认可。,童程童美专注6-18岁青少儿编程以及相关的STEAM创客教育，形成了以少儿编程、少儿手机编程、智能机器人编程、编程数学、信息学奥赛等课程体系为核心，集国内外大型权威科技赛事、科技主题的国内外游学、冬夏令营、创客实验室搭建等为一体的青少儿教育平台。教学体系落实创新教育理念，强调学生综合能力的培养和实际解决问题能力的提升，在兴趣激发和思维锻炼的同时，传递前沿技术，帮助中国青少儿打造迎接未来世界的能力和思维视野。",惠州,少儿编程讲师+python乐高,1-1.5万/月,07-27
西安方向标人力资源管理有限公司,"工作职责：,1、主要负责外包派遣项目门户和交易网站前端和后端的开发和维护工作；,2、参与项目分析、系统方案设计；,3、配合测试人员修改测试中发现的问题。,任职要求：,1、大专以上学历；,2、熟悉MySQL/PostgreSQL/MongoDB数据库；,3、熟悉HTML5/CSS3/JavaScript/jQuery等WEB前端技术；,4、会使用React/Vue.js/Angular等任一前端开发框架优先考虑；,5、积极好学，责任感强，抗压能力好",贵阳,Python开发工程师,0.8-1万/月,07-27
荷锐会展服务（上海）有限公司,"1、负责大规模信息文本、图像等数据的抓取、结构化信息的提取与识别；,2、负责公司Python相关系统功能设计与开发；,3、负责Python相关数据库架构设计；,4、研究各种第三方服务API，和公司业务系统对接；,5、研发和维护业务逻辑组件，对前端提供稳定高性能的API。,岗位要求：,1、一年实战项目中Python开发的经验；,2、参与指标计算开发工作，能熟练运用Python解决业务需求，了解Python性能调优；,3、熟练运用SQL，熟悉主流数据库之一：Oracle、MSSQLSever、PostgreSQL、MySQL等主流关系型数据库，具备一定的SQL调优能力；,4、熟悉Mongodb等NoSQL数据库，有大数据开发经验；,5、使用过Django，能使用Django搭建后台服务，数据分析，分析算法；,6、具有良好学习能力、分析能力和独立解决问题的能力；,                                                    ,7、熟悉数据挖掘算法以及具备模型部署经验优先。",上海-闵行区,Python开发工程师,7-9千/月,07-27
嫚熙控股（广州）有限公司,"岗位职责：,1、负责分布式网络爬虫系统及数据库的设计与开发；,2、设计爬虫策略和防屏蔽规则，解决封账号、封IP、验证码等难点；,3、维护和优化已有的爬虫服务；,4、负责爬虫核心算法的策略优化研究，充分利用资源，提升网页抓取的效率和质量；,任职要求：,1、熟练使用Python，有良好的编码习惯；,2、熟悉Linux操作系统，熟练使用常用命令；,3、至少熟悉二种常用数据库：MSSQL必须熟悉 MongDB / Redis；,4、熟练使用 requests、urllib模块；,5、熟悉各种反爬机制和解决措施 (模拟请求头、设置 IP 代理、cookies, 字体反爬、js混淆加密等)；,6、精通网页抓取原理及技术、深度抓取、动态网页技术抓取、浏览器模拟抓取技术，从结构化的和非结构化的数据中获取信息；,7、熟悉Scrapy、Pyspider等主流爬虫框架使用；,8、能独立开发爬虫项目，具有自主解决问题能力。",广州,Python开发工程师,0.8-1.2万/月,07-27
上海沪万智能科技有限公司,"岗位职责：,    ,    ,岗位要求 ：,    ,    ,    ,    ,4、具备英文阅读能力,    ,个人特质要求：,    ,    ,    ,    ,    ,5、乐于学习与分享知识,    ,加分项目：,    ,    ,3、具备后端 Web API 的开发与能够独立进行数据库与 Web API 文挡撰写能力,4、具备底层硬件对接或是硬件二次开发能力（使用 SDK）,4、熟悉 Git 开发流程与工具的使用,    ,组内培训：,1、软件设计与开发",上海-长宁区,Python 应用开发工程师,0.7-1.3万/月,07-27
西安北斗安全技术有限公司,"职位描述：,1、负责项目Web后端的模块设计、功能开发和维护工作；,2、协助完成项目的测试、系统交付工作；,3、为团队引入创新的技术、创新的解决方案，用创新的思路解决问题；,4、完成上级安排的其它临时工作任务。,任职要求：,1、计算机相关专业本科以上学历,2、2年以上Python开发经验，熟悉django、flask等Python web开发框架，有良好的编程习惯,3、熟悉软件开发流程、体系结构，数据库开发（如Mysql、Mongo），能够独立进行核心算法的实现,4、熟悉ES6、CSS3、HTML5等前端相关技术,5、熟悉Windows\Linux平台环境下的开发部署，版本控制工具(svn/git),6、具有良好的团队合作精神，责任感，及分析以及解决问题能力,7、熟悉面向对象变成思想及常用的设计模式,8、有C/C++开发经验优先考虑。",西安-国家民用...,Python开发工程师,0.6-1万/月,07-27
信必优(深圳)信息技术有限公司,"本岗位要求英文口语流利，面试为纯英文面试。,应聘时请投递您的英文简历。,岗位职责：,负责金融交易平台开发和维护。（后端编程，非数据分析）,岗位要求：,1，作为全栈工程师，我们希望主开发语言是python，要熟悉Django、Tornado、Flask、Twisted。,2，英文口语流利。,3，全日制统招本科学历，python 或全栈开发经验有4年以上。,面试流程：线上面试（一轮）-offer。  ,工作时间：五天工作制，双休。无加班，按时上下班。   ,工作环境：国际化工作环境，工作氛围和管理风格很好。   ,工作地点：天河区石牌桥太古汇一座（地铁三号线石牌桥站）   ,福利：试用期薪资福利不打折，入职购买社保公积金，入职享受带薪年休假5天，年终奖（1 个月工资为基数），节日福利，每年涨薪机会等.,晋升机会：本岗位为外包岗位。工作满一年后有机会可转汇丰银行正编。",广州-天河区,python后端开发（英语）,1.6-2.5万/月,07-27
深圳市柠檬树科技有限公司,,深圳-龙岗区,Python工程师,1.2-1.5万/月,07-27
